timestamp,longitude,latitude,accuracy,speed
1513071168999,34.7621162668987,32.0618609510594,3,6.0079017
1513071169999,34.7621544793451,32.0619073558711,3,6.053402
1513071170999,34.7621914797125,32.0619542864879,3,6.012301
1513071171999,34.7622172154617,32.0619887020781,4,5.6411357
1513071172999,34.7622423550396,32.0620197081339,4,4.921877
1513071173999,34.7622622765035,32.0620432640928,4,4.0377746
1513071174999,34.7622757736615,32.0620592732564,4,2.8985758
1513071175999,34.7622821084576,32.0620673107957,4,1.9297675
1513071176999,34.7622821084576,32.0620673107957,4,0
1513071177999,34.7622821084576,32.0620673107957,3,0
1513071178999,34.7622821084576,32.0620673107957,3,0
1513071179999,34.7622821084576,32.0620673107957,3,0
1513071180999,34.7622821084576,32.0620673107957,3,0
1513071181999,34.7622821084576,32.0620673107957,4,0.24962385
1513071182999,34.7622987490552,32.0620863387546,4,0.947284
1513071183999,34.7623139829514,32.0621035920981,4,1.6605604
1513071184999,34.7623288732381,32.0621264355309,3,1.7762809
1513071185999,34.7623376334705,32.0621445511283,3,1.3147255
1513071186999,34.7623376334705,32.0621445511283,3,0
1513071187999,34.7623376334705,32.0621445511283,3,0
1513071188999,34.7623376334705,32.0621445511283,3,0.18692535
1513071189999,34.7623376334705,32.0621445511283,3,0
1513071190999,34.7623376334705,32.0621445511283,3,0.15886554
1513071191999,34.7623376334705,32.0621445511283,3,0
1513071192999,34.7623376334705,32.0621445511283,3,0.15257114
1513071193999,34.7623685515806,32.0621873660097,3,0
1513071194999,34.7623685515806,32.0621873660097,3,0.1859135
1513071195999,34.7623685515806,32.0621873660097,3,0
1513071196999,34.7623800203641,32.062200821954,3,0.44259715
1513071197999,34.7623883835834,32.0622117806263,3,0.670983
1513071198999,34.7623883835834,32.0622117806263,3,0
1513071199999,34.7623883835834,32.0622117806263,3,0
1513071200999,34.7623883835834,32.0622117806263,4,0
1513071201999,34.7623883835834,32.0622117806263,3,0
1513071202999,34.7623883835834,32.0622117806263,3,0
1513071203999,34.7623883835834,32.0622117806263,3,0
1513071204999,34.7623883835834,32.0622117806263,3,0
1513071205999,34.7623883835834,32.0622117806263,2,0
1513071206999,34.7624056529874,32.062233744312,2,0.5473232
1513071207999,34.7624200197348,32.0622475132806,3,1.4401965
1513071208999,34.762440094962,32.0622632608626,3,1.9148732
1513071209999,34.7624559646572,32.0622806155342,3,1.9734285
1513071210999,34.7624701288045,32.0622949283426,3,1.7437155
1513071211999,34.7624832279873,32.0623065646049,3,1.4748614
1513071212999,34.7624906004174,32.062314384188,3,1.2480919
1513071213999,34.7624962319519,32.0623234741474,3,1.105883
1513071214999,34.7625027234771,32.0623319282902,3,1.0147212
1513071215999,34.7625097030418,32.0623398718762,3,1.0028248
1513071216999,34.7625170722363,32.0623473302346,3,0.8514772
1513071217999,34.7625170722363,32.0623473302346,3,0
1513071218999,34.7625170722363,32.0623473302346,3,0
1513071219999,34.7625170722363,32.0623473302346,3,0
1513071220999,34.7625170722363,32.0623473302346,3,0
1513071221999,34.7625170722363,32.0623473302346,4,0
1513071222999,34.7625170722363,32.0623473302346,4,0
1513071223999,34.7625170722363,32.0623473302346,4,0
1513071224999,34.7625170722363,32.0623473302346,4,0
1513071225999,34.7625170722363,32.0623473302346,3,0
1513071226999,34.7625170722363,32.0623473302346,3,0
1513071227999,34.7625170722363,32.0623473302346,3,0.1806999
1513071228999,34.7625170722363,32.0623473302346,3,0
1513071229999,34.7625170722363,32.0623473302346,2,0
1513071230999,34.7625170722363,32.0623473302346,2,0
1513071231999,34.7625170722363,32.0623473302346,2,0
1513071232999,34.7625170722363,32.0623473302346,3,0
1513071233999,34.7625170722363,32.0623473302346,3,0
1513071234999,34.7625647803966,32.0623808965564,3,0
1513071235999,34.7625786080467,32.0623880548508,2,0.39953452
1513071236999,34.7625913609262,32.0623940442525,2,0.59428185
1513071237999,34.7626018321765,32.0623981367396,2,0.5863121
1513071238999,34.7626018321765,32.0623981367396,2,0
1513071239999,34.7626018321765,32.0623981367396,2,0
1513071240999,34.7626018321765,32.0623981367396,2,0
1513071241999,34.7626018321765,32.0623981367396,2,0
1513071242999,34.7626018321765,32.0623981367396,2,0
1513071243999,34.7626018321765,32.0623981367396,2,0
1513071244999,34.7626018321765,32.0623981367396,2,0
1513071245999,34.7626018321765,32.0623981367396,2,0
1513071246999,34.7626018321765,32.0623981367396,2,0
1513071247999,34.7626018321765,32.0623981367396,2,0
1513071248999,34.7626018321765,32.0623981367396,2,0
1513071249999,34.7626018321765,32.0623981367396,2,0
1513071250999,34.7626018321765,32.0623981367396,2,0
1513071251999,34.7626018321765,32.0623981367396,2,0
1513071252999,34.7626018321765,32.0623981367396,2,0
1513071253999,34.7626018321765,32.0623981367396,2,0
1513071254999,34.7626018321765,32.0623981367396,2,0
1513071255999,34.7626018321765,32.0623981367396,2,0
1513071256999,34.7626018321765,32.0623981367396,2,0
1513071257999,34.7626018321765,32.0623981367396,2,0
1513071258999,34.7626532761487,32.0624105893611,2,0
1513071259999,34.7626532761487,32.0624105893611,2,0
1513071260999,34.7626532761487,32.0624105893611,2,0
1513071261999,34.7626532761487,32.0624105893611,2,0
1513071262999,34.7626532761487,32.0624105893611,2,0
1513071263999,34.7626532761487,32.0624105893611,2,0
1513071264999,34.7626532761487,32.0624105893611,2,0
1513071265999,34.7626532761487,32.0624105893611,2,0
1513071266999,34.7626532761487,32.0624105893611,2,0
1513071267999,34.7626532761487,32.0624105893611,2,0
1513071268999,34.7626532761487,32.0624105893611,2,0.23141602
1513071269999,34.7626887495389,32.0624162898716,2,0.33911106
1513071270999,34.7626964762133,32.0624165639097,2,0.74844325
1513071271999,34.7627110688261,32.062414270858,3,0.7768701
1513071272999,34.7627110688261,32.062414270858,3,0
1513071273999,34.7627110688261,32.062414270858,3,0
1513071274999,34.7627110688261,32.062414270858,3,0
1513071275999,34.7627110688261,32.062414270858,2,0
1513071276999,34.7627110688261,32.062414270858,3,0
1513071277999,34.7627110688261,32.062414270858,3,0
1513071278999,34.7627110688261,32.062414270858,3,0
1513071279999,34.7627301088072,32.0624093326436,3,0.6973637
1513071280999,34.7627481006911,32.062404997585,3,1.2565076
1513071281999,34.7627700582237,32.0624010474739,3,1.6399995
1513071282999,34.762795657995,32.062395487369,3,1.7752323
1513071283999,34.7628195650868,32.0623908438675,3,1.8336091
1513071284999,34.7628412427939,32.0623878181769,3,1.968794
1513071285999,34.7628694778707,32.0623866459683,3,2.2209837
1513071286999,34.7628995035999,32.062392422191,3,2.5627337
1513071287999,34.7629302910048,32.0624044065057,3,2.8513288
1513071288999,34.7629588676333,32.0624198515491,4,2.8743715
1513071289999,34.7629808048353,32.0624373689345,4,2.2988508
1513071290999,34.7629808048353,32.0624373689345,4,0
1513071291999,34.7629748283884,32.0624544180583,4,0.6789522
1513071292999,34.7629377096158,32.0624692597729,6,2.3422816
1513071293999,34.7628867439556,32.0624912103011,6,3.9212165
1513071294999,34.7628215293112,32.0625168154713,4,5.27675
1513071295999,34.762742911424,32.0625408278482,4,6.48558
1513071296999,34.7626606268409,32.0625695450861,4,6.9234924
1513071297999,34.7625844572956,32.0625946374094,12,6.4614387
1513071298999,34.7625144228247,32.0626111749295,6,6.3082604
1513071299999,34.7624496972822,32.0626313715268,6,6.261204
1513071300999,34.7623866804384,32.0626511808151,6,5.739454
1513071301999,34.7623309145483,32.0626682655562,12,5.2362013
1513071302999,34.7622830151498,32.0626823177437,6,4.944715
1513071303999,34.7622348533824,32.0626961103348,6,4.8279653
1513071304999,34.7621873568429,32.062708980768,6,4.6104465
1513071305999,34.7621433140966,32.0627207712965,6,4.3728695
1513071306999,34.7621037530819,32.0627324771854,12,3.9709265
1513071307999,34.7620741775493,32.0627411784077,6,3.0163982
1513071308999,34.7620602423787,32.0627456744645,6,2.1058826
1513071309999,34.7620602423787,32.0627456744645,6,0
1513071310999,34.7620602423787,32.0627456744645,6,0
1513071311999,34.7620602423787,32.0627456744645,12,0
1513071312999,34.7620602423787,32.0627456744645,12,0
1513071313999,34.7620602423787,32.0627456744645,12,0
1513071314999,34.7620602423787,32.0627456744645,12,0
1513071315999,34.7620602423787,32.0627456744645,12,0
1513071316999,34.7620602423787,32.0627456744645,12,0
1513071317999,34.7620602423787,32.0627456744645,12,0
1513071318999,34.7620602423787,32.0627456744645,12,0
1513071319999,34.7620602423787,32.0627456744645,12,0
1513071320999,34.7620410590905,32.0627576501746,12,0.88920456
1513071321999,34.7620196427873,32.0627638540353,12,1.4778244
1513071322999,34.7619973203993,32.0627714516158,12,1.6607063
1513071323999,34.7619828288789,32.0627775917576,12,1.4233196
1513071324999,34.7619828288789,32.0627775917576,12,0
1513071325999,34.7619828288789,32.0627775917576,6,0
1513071326999,34.7619828288789,32.0627775917576,6,0
1513071327999,34.7619828288789,32.0627775917576,6,0
1513071328999,34.7619828288789,32.0627775917576,8,0
1513071329999,34.7619828288789,32.0627775917576,12,0
1513071330999,34.7619828288789,32.0627775917576,6,0
1513071331999,34.7619828288789,32.0627775917576,8,0
1513071332999,34.7619828288789,32.0627775917576,12,0
1513071333999,34.7619828288789,32.0627775917576,12,0
1513071334999,34.7619828288789,32.0627775917576,12,0
1513071335999,34.7619828288789,32.0627775917576,12,0
1513071336999,34.7619828288789,32.0627775917576,12,0
1513071337999,34.7619828288789,32.0627775917576,12,0
1513071338999,34.7619828288789,32.0627775917576,12,0
1513071339999,34.7619828288789,32.0627775917576,6,0
1513071340999,34.7619828288789,32.0627775917576,6,0
1513071341999,34.7619828288789,32.0627775917576,6,0
1513071342999,34.7619828288789,32.0627775917576,8,0
1513071343999,34.7619828288789,32.0627775917576,6,0
1513071344999,34.7619828288789,32.0627775917576,6,0
1513071345999,34.7619828288789,32.0627775917576,12,0
1513071346999,34.7619828288789,32.0627775917576,12,0
1513071347999,34.7619828288789,32.0627775917576,12,0
1513071348999,34.7619828288789,32.0627775917576,6,0
1513071349999,34.7619828288789,32.0627775917576,6,0
1513071350999,34.7619483790401,32.062794330285,6,0.6762818
1513071351999,34.7619246169367,32.0628040461185,6,1.3622216
1513071352999,34.7618940293237,32.0628175191558,6,1.9912364
1513071353999,34.7618625135062,32.062831156883,12,2.4763043
1513071354999,34.7618316617238,32.0628438177758,12,2.9894125
1513071355999,34.7618013766831,32.0628567814232,12,3.274023
1513071356999,34.7617730959392,32.0628813012828,12,2.8119874
1513071357999,34.7617596468542,32.0628967561408,12,2.0113523
1513071358999,34.7617596468542,32.0628967561408,12,0
1513071359999,34.7617596468542,32.0628967561408,6,0
1513071360999,34.7617596468542,32.0628967561408,6,0
1513071361999,34.7617596468542,32.0628967561408,6,0
1513071362999,34.7617596468542,32.0628967561408,6,0
1513071363999,34.7617596468542,32.0628967561408,6,0
1513071364999,34.7617596468542,32.0628967561408,12,0
1513071365999,34.7617596468542,32.0628967561408,6,0
1513071366999,34.7617382122469,32.0629266874698,6,0.83862334
1513071367999,34.761729695069,32.0629470141286,6,1.822885
1513071368999,34.761731676042,32.0629774519178,6,2.9344716
1513071369999,34.7617380928934,32.063020495272,16,4.1761527
1513071370999,34.7617555437234,32.0630738753175,16,5.3820834
1513071371999,34.7617826625886,32.0631374961198,8,6.904461
1513071372999,34.7618119430552,32.0632171814573,8,8.07703
1513071373999,34.7618441261083,32.0633040976623,8,9.210324
1513071374999,34.7618805547679,32.0633962553687,12,9.892121
1513071375999,34.7619181323613,32.0634901765041,12,10.382225
1513071376999,34.7619558991983,32.0635880123266,4,10.909629
1513071377999,34.7619963490659,32.0636895633904,4,11.437465
1513071378999,34.7620408979801,32.0637943355056,4,11.964835
1513071379999,34.7620874756679,32.0638990568004,4,12.073812
1513071380999,34.7621302060979,32.0640034464254,4,12.047404
1513071381999,34.7621719510526,32.0641062887454,4,11.943118
1513071382999,34.7622121726701,32.0642093217431,4,11.960078
1513071383999,34.7622670801308,32.0643120836739,4,11.996724
1513071384999,34.7623172446502,32.0644150499024,3,12.096631
1513071385999,34.7623642814537,32.0645192303809,3,12.137182
1513071386999,34.7624050634173,32.0646232770247,3,12.12814
1513071387999,34.7624437792803,32.0647287433916,4,12.246843
1513071388999,34.7624830657087,32.0648336343995,3,12.154159
1513071389999,34.7625218852162,32.0649370276196,3,12.108589
1513071390999,34.7625601259948,32.0650386460236,3,11.872101
1513071391999,34.7626073369272,32.065136044143,3,11.604651
1513071392999,34.7626456301408,32.0652323510322,3,11.351677
1513071393999,34.7626851963917,32.0653247758157,3,10.962134
1513071394999,34.7627177545278,32.0654130225529,3,10.507798
1513071395999,34.7627509615705,32.065499360202,3,10.313355
1513071396999,34.762781533837,32.065585607337,3,10.10419
1513071397999,34.7628158121129,32.065669082773,3,9.894978
1513071398999,34.7628479077057,32.0657520648417,3,9.758207
1513071399999,34.7628776909739,32.0658348461316,3,9.628472
1513071400999,34.7629062392205,32.0659169152423,3,9.527188
1513071401999,34.7629355156041,32.0659982007596,3,9.450856
1513071402999,34.7629673430179,32.0660781832552,3,9.38351
1513071403999,34.7629988625241,32.0661580884323,3,9.35262
1513071404999,34.7630314793364,32.0662384839234,3,9.429595
1513071405999,34.7630645187902,32.066319649786,3,9.474621
1513071406999,34.7631022118246,32.066400153243,3,9.475545
1513071407999,34.7631370312991,32.0664788938873,3,9.319525
1513071408999,34.7631691053296,32.0665494881877,3,8.588278
1513071409999,34.7631948500551,32.066608256989,3,7.5091877
1513071410999,34.7632165553426,32.0666575959121,3,6.2713842
1513071411999,34.7632356741375,32.0666966129282,3,5.3719716
1513071412999,34.7632518902463,32.0667320377166,3,4.8066154
1513071413999,34.7632695732735,32.0667671062072,3,4.4722815
1513071414999,34.7632874055195,32.0667995267262,3,4.2856812
1513071415999,34.7633052711266,32.0668332604257,3,4.197916
1513071416999,34.7633207260688,32.0668680074933,3,4.1444564
1513071417999,34.7633338429907,32.066899432266,3,4.1180353
1513071418999,34.7633472050756,32.0669308355996,3,4.015479
1513071419999,34.7633607787685,32.0669614570878,3,3.8577747
1513071420999,34.7633742084862,32.0669901852105,3,3.6668859
1513071421999,34.7633883630271,32.0670167699788,3,3.531299
1513071422999,34.7634031248144,32.0670429966345,3,3.4123983
1513071423999,34.7634178546337,32.0670680282507,3,3.2928867
1513071424999,34.7634324166329,32.0670919804589,3,3.052809
1513071425999,34.7634478268082,32.0671111836442,3,2.7359834
1513071426999,34.7634638034708,32.0671270546175,3,2.610018
1513071427999,34.7634814784974,32.0671430138051,3,2.5832639
1513071428999,34.7634975607693,32.067156359542,3,2.6125445
1513071429999,34.763517147016,32.0671716557031,3,2.8868768
1513071430999,34.7635422338659,32.0671904195459,3,3.3107257
1513071431999,34.763571057431,32.0672125255701,3,3.502008
1513071432999,34.7636008959431,32.0672342367955,3,3.5744708
1513071433999,34.7636318171723,32.0672546244072,3,3.6012475
1513071434999,34.7636602815501,32.0672725558977,3,2.955339
1513071435999,34.7636769171384,32.0672830621747,2,2.1544957
1513071436999,34.7636838902207,32.0672874149495,2,1.5511522
1513071437999,34.7636892795954,32.0672909307248,2,1.2778387
1513071438999,34.7636978593579,32.0672966239006,2,1.3677796
1513071439999,34.7637122287417,32.0673055379927,2,1.8071636
1513071440999,34.7637333623787,32.0673218237092,2,2.771268
1513071441999,34.7637629653967,32.0673488877698,2,3.8026662
1513071442999,34.76379421855,32.0673871321608,2,4.4009514
1513071442999,34.76379421855,32.0673871321608,2,4.4009514
1513071444999,34.7638486184091,32.0674734851971,3,4.9269495
1513071445999,34.7638696259284,32.0675190323028,3,5.080124
1513071446999,34.7638876826087,32.0675664291256,3,5.128124
1513071447999,34.763904312414,32.0676116264064,3,5.0900135
1513071448999,34.7639205656228,32.0676555819764,3,4.9718695
1513071449999,34.763935799157,32.0676996402166,3,4.7886558
1513071450999,34.7639495240041,32.0677411442033,3,4.67321
1513071451999,34.763962569951,32.0677794248471,3,4.60741
1513071452999,34.7639754186044,32.0678192230447,3,4.5476184
1513071453999,34.7639882601277,32.0678572388552,3,4.38418
1513071454999,34.7639998849839,32.0678926836059,3,4.235128
1513071455999,34.7640127837295,32.0679268252938,4,4.4287977
1513071456999,34.764027521684,32.0679661224264,4,4.8037205
1513071457999,34.7640426554975,32.0680111996857,4,5.0285416
1513071458999,34.7640576812173,32.068056610397,3,5.096625
1513071459999,34.764075726687,32.0680996582645,3,5.0852513
1513071460999,34.7640917484664,32.068143515863,3,4.8993087
1513071461999,34.7641068638498,32.0681844875222,3,4.744656
1513071462999,34.7641237005176,32.0682225636457,4,4.6025457
1513071463999,34.7641397137122,32.0682590905592,4,4.4970307
1513071464999,34.7641518066725,32.0682981288926,4,4.2248487
1513071465999,34.7641648279877,32.0683262415814,4,3.580491
1513071466999,34.7641704258451,32.0683440948869,3,2.3843985
1513071467999,34.7641704258451,32.0683440948869,3,0
1513071468999,34.7641704258451,32.0683440948869,3,0
1513071469999,34.7641704258451,32.0683440948869,3,0
1513071470999,34.7641704258451,32.0683440948869,3,0
1513071471999,34.7641704258451,32.0683440948869,3,0
1513071472999,34.7641704258451,32.0683440948869,3,0
1513071473999,34.7641704258451,32.0683440948869,3,0
1513071474999,34.7641704258451,32.0683440948869,3,0
1513071475999,34.7641704258451,32.0683440948869,3,0
1513071476999,34.7641704258451,32.0683440948869,3,0
1513071477999,34.7641704258451,32.0683440948869,3,0
1513071478999,34.7641704258451,32.0683440948869,3,0
1513071479999,34.7641704258451,32.0683440948869,3,0
1513071480999,34.7641704258451,32.0683440948869,3,0
1513071481999,34.7641704258451,32.0683440948869,3,0
1513071482999,34.7641704258451,32.0683440948869,3,0
1513071483999,34.7641704258451,32.0683440948869,3,0
1513071484999,34.7641704258451,32.0683440948869,3,0
1513071485999,34.7641704258451,32.0683440948869,3,0
1513071486999,34.7641704258451,32.0683440948869,2,0
1513071487999,34.7641704258451,32.0683440948869,2,0
1513071488999,34.7641704258451,32.0683440948869,2,0
1513071489999,34.7641766781358,32.0683582748863,3,0.71925986
1513071490999,34.7641874302599,32.0683847646633,3,2.5300546
1513071491999,34.7641993620365,32.0684255268666,3,3.535592
1513071492999,34.7642145002081,32.0684685999857,3,4.070044
1513071493999,34.764228896484,32.0685121684742,3,4.5589676
1513071494999,34.764245000874,32.068558129741,3,5.0178623
1513071495999,34.7642628568607,32.068607425515,3,5.3968134
1513071496999,34.7642806165233,32.0686580186861,3,5.1648574
1513071497999,34.7642945310536,32.0686947526589,3,3.7984686
1513071498999,34.7642945310536,32.0686947526589,3,0
1513071499999,34.7642945310536,32.0686947526589,3,0
1513071500999,34.7642945310536,32.0686947526589,3,0
1513071501999,34.7642945310536,32.0686947526589,3,0
1513071502999,34.7642945310536,32.0686947526589,3,0
1513071503999,34.7642945310536,32.0686947526589,3,0
1513071504999,34.7642945310536,32.0686947526589,3,0
1513071505999,34.7642945310536,32.0686947526589,3,0
1513071506999,34.7642945310536,32.0686947526589,3,0
1513071507999,34.7643015616059,32.0687106466358,3,0.47431597
1513071508999,34.7643048056915,32.0687187523707,3,0.8408973
1513071509999,34.7643098133523,32.0687325762227,3,1.3091216
1513071510999,34.7643175162217,32.0687559680297,3,2.2383642
1513071511999,34.7643241988822,32.0687858900812,3,2.8721337
1513071512999,34.7643316248723,32.0688166580359,4,3.3858447
1513071513999,34.7643441670032,32.0688521765953,3,3.8438296
1513071514999,34.7643569937141,32.0688923277989,3,4.0634055
1513071515999,34.7643704492293,32.0689291842838,3,3.7516794
1513071516999,34.7643799132508,32.0689593108039,3,3.3703737
1513071517999,34.7643875335362,32.0689824118297,3,2.9176872
1513071518999,34.7643957101623,32.0690009389998,8,2.7292469
1513071519999,34.7644056978155,32.0690259743689,4,2.943575
1513071520999,34.764415202951,32.0690544959662,4,3.3152404
1513071521999,34.7644248422257,32.0690895782631,4,3.5435345
1513071522999,34.7644396088769,32.0691228564195,4,3.8938088
1513071523999,34.7644546193781,32.0691635170345,3,4.469369
1513071524999,34.7644684761245,32.0692075041495,3,4.8871694
1513071525999,34.7644851982231,32.069254438407,3,5.0217004
1513071526999,34.7645016811442,32.0692994532381,3,4.8442693
1513071527999,34.7645157671844,32.0693382641885,3,4.463825
1513071528999,34.7645280504807,32.0693717090239,3,4.0891094
1513071529999,34.7645382180021,32.069402176412,3,3.7866173
1513071530999,34.7645473383042,32.0694308231349,3,3.6212604
1513071531999,34.7645573913825,32.0694590822456,3,3.540173
1513071532999,34.7645676440888,32.0694890863533,3,3.561308
1513071533999,34.7645777009866,32.0695167533862,3,2.934218
1513071534999,34.7645836825754,32.0695330094817,3,2.3027935
1513071535999,34.7645880049596,32.0695444216619,3,1.955073
1513071536999,34.7645924088046,32.0695569422034,3,1.8268292
1513071537999,34.7645974387333,32.069571926851,3,1.9484438
1513071538999,34.7646042946557,32.0695906947472,3,2.1794128
1513071539999,34.76461308153,32.0696111639038,3,2.103901
1513071540999,34.7646196018404,32.0696281028354,3,1.8879045
1513071541999,34.7646247724569,32.0696408432494,3,1.7554679
1513071542999,34.7646290868095,32.069653022387,6,1.8226211
1513071543999,34.7646369050836,32.0696684749911,6,2.1282618
1513071544999,34.764646003812,32.0696923736887,3,2.6839635
1513071545999,34.764655769146,32.0697230716748,3,3.2091622
1513071546999,34.7646664252479,32.0697568368521,3,3.544307
1513071547999,34.7646781288537,32.0697918595473,3,3.784296
1513071548999,34.7646900248634,32.0698252953288,3,3.7669728
1513071549999,34.7647021958575,32.0698566821285,3,3.8147843
1513071550999,34.7647144097285,32.0698872499697,3,3.650352
1513071551999,34.7647260272508,32.0699161076421,3,3.3383815
1513071552999,34.7647380827491,32.0699415206312,4,2.9036853
1513071553999,34.7647498213954,32.0699628942665,4,2.6742454
1513071554999,34.7647590543569,32.0699824610455,4,2.6885757
1513071555999,34.7647666563092,32.0700036425176,4,2.8241982
1513071556999,34.7647734376903,32.0700294837671,3,2.9777863
1513071557999,34.7647803703779,32.0700538048044,3,2.743795
1513071558999,34.7647866511359,32.0700709185997,3,2.0816185
1513071559999,34.7647903573642,32.0700812600726,3,1.5594848
1513071560999,34.7647893946971,32.0700807646574,3,1.2664099
1513071561999,34.7647901388597,32.0700834686047,4,0.96161705
1513071562999,34.7647901388597,32.0700834686047,4,0
1513071563999,34.7647901388597,32.0700834686047,4,0
1513071564999,34.7647901388597,32.0700834686047,4,0
1513071565999,34.7647901388597,32.0700834686047,4,0
1513071566999,34.7647901388597,32.0700834686047,4,0
1513071567999,34.7647901388597,32.0700834686047,4,0
1513071568999,34.7647901388597,32.0700834686047,4,0
1513071569999,34.7647901388597,32.0700834686047,4,0
1513071570999,34.7647901388597,32.0700834686047,4,0
1513071571999,34.7647901388597,32.0700834686047,3,0
1513071572999,34.7647901388597,32.0700834686047,3,0
1513071573999,34.7648069303789,32.0701283048281,3,0
1513071574999,34.7648142870245,32.0701452250862,3,0.92491585
1513071575999,34.7648226154413,32.0701661456757,3,1.3006516
1513071576999,34.7648306019868,32.0701833932591,3,1.4366698
1513071577999,34.7648377169558,32.0702001968203,3,1.5857038
1513071578999,34.7648436650234,32.0702173517564,3,1.8289616
1513071579999,34.7648499903511,32.0702361771493,2,1.9661014
1513071580999,34.7648561680376,32.0702535797732,2,1.9056256
1513071582000,34.764862089479,32.0702696896248,2,1.8776008
1513071583000,34.7648688460011,32.0702860445706,2,2.1020207
1513071584000,34.7648750826554,32.0703042335846,2,2.6203635
1513071585000,34.7648841455119,32.0703295728178,2,2.9538915
1513071586000,34.7648964713548,32.0703605715166,2,3.1175935
1513071587000,34.7649077718792,32.0703911524972,2,2.9146585
1513071588000,34.7649159005876,32.0704131106602,3,2.4561076
1513071589000,34.7649226360929,32.0704308798002,2,2.1049104
1513071590000,34.7649290350879,32.0704476529515,2,2.0534513
1513071591000,34.7649370311691,32.0704671642095,2,2.4295382
1513071592000,34.764948303117,32.0704930847504,4,2.9666977
1513071593000,34.7649607274583,32.070522588955,4,3.4424286
1513071594000,34.764974567796,32.0705558814205,3,3.6643934
1513071595000,34.764986841655,32.070589424231,3,3.581686
1513071596000,34.7649987160821,32.0706224842365,4,3.6069064
1513071597000,34.7650097072348,32.0706579170823,4,4.0183063
1513071598000,34.765021505964,32.070696167671,4,4.3206396
1513071599000,34.7650373663316,32.0707357723189,3,4.536482
1513071600000,34.7650566901205,32.0707772997961,3,4.727651
1513071601000,34.765072709691,32.0708223333082,3,5.132605
1513071602000,34.7650946209609,32.0708705666404,3,5.2526355
1513071603000,34.7651138848272,32.0709148520115,3,4.9272633
1513071604000,34.7651244909504,32.0709490341504,3,4.526427
1513071605000,34.7651356797605,32.0709792968016,3,4.066016
1513071606000,34.7651446247552,32.0710057200461,3,3.7392333
1513071607000,34.7651526378355,32.071032809239,3,3.4331923
1513071608000,34.7651562686098,32.071054679012,3,3.1421378
1513071609000,34.7651634998593,32.0710785996213,3,2.9991589
1513071610000,34.7651733145886,32.0711090009503,3,3.1218045
1513071611000,34.7651866629939,32.0711381478683,3,2.8566575
1513071612000,34.7651950932912,32.0711587852945,3,2.1876955
1513071613000,34.7651950932912,32.0711587852945,3,0
1513071614000,34.7651950932912,32.0711587852945,4,0
1513071615000,34.7651950932912,32.0711587852945,4,0
1513071616000,34.7651950932912,32.0711587852945,4,0
1513071617000,34.7651950932912,32.0711587852945,4,0
1513071618000,34.7651950932912,32.0711587852945,4,0
1513071619000,34.7651950932912,32.0711587852945,4,0
1513071620000,34.7651950932912,32.0711587852945,4,0
1513071621000,34.7651950932912,32.0711587852945,4,0
1513071622000,34.7651950932912,32.0711587852945,4,0
1513071623000,34.7651950932912,32.0711587852945,4,0
1513071624000,34.7651950932912,32.0711587852945,3,0
1513071625000,34.7651950932912,32.0711587852945,3,0
1513071626000,34.7651950932912,32.0711587852945,3,0
1513071627000,34.7651950932912,32.0711587852945,3,0
1513071628000,34.7651950932912,32.0711587852945,4,0
1513071629000,34.7651950932912,32.0711587852945,4,0
1513071630000,34.7651950932912,32.0711587852945,4,0
1513071631000,34.7651950932912,32.0711587852945,4,0
1513071632000,34.7651950932912,32.0711587852945,4,0
1513071633000,34.7651950932912,32.0711587852945,6,0
1513071634000,34.7651950932912,32.0711587852945,4,0
1513071635000,34.7651950932912,32.0711587852945,4,0
1513071636000,34.7651950932912,32.0711587852945,4,0
1513071637000,34.7651950932912,32.0711587852945,4,0
1513071638000,34.7651950932912,32.0711587852945,3,0
1513071639000,34.7651950932912,32.0711587852945,4,0
1513071640000,34.7651950932912,32.0711587852945,4,0
1513071641000,34.7651950932912,32.0711587852945,4,0.16575316
1513071642000,34.7651882049513,32.0711604638764,4,0.8207416
1513071643000,34.7651953828836,32.0711858177323,3,1.7312064
1513071644000,34.765207712314,32.0712212275606,3,2.833439
1513071645000,34.7652266899633,32.0712612513015,3,3.8493948
1513071646000,34.7652505498526,32.0713062120195,3,4.438244
1513071647000,34.7652714367994,32.0713561706144,4,4.7649956
1513071648000,34.7652904814706,32.0714032607907,3,4.977842
1513071649000,34.7653097474702,32.0714512487501,3,5.393761
1513071650000,34.7653314603732,32.0715035397644,3,5.584913
1513071651000,34.7653542682884,32.0715603174206,3,5.9952455
1513071652000,34.7653778616085,32.0716185882088,3,6.473701
1513071653000,34.7654022230418,32.0716811569656,3,7.0571785
1513071654000,34.7654313150554,32.0717482197327,3,7.3501763
1513071655000,34.765461153699,32.071816730085,3,7.781074
1513071656000,34.7654912761147,32.0718886167719,3,8.07052
1513071657000,34.7655201614476,32.0719619915352,3,8.078084
1513071658000,34.7655456539219,32.0720345253686,3,8.188164
1513071659000,34.7655752044892,32.0721074679581,3,8.30929
1513071660000,34.7656115215051,32.0721800669239,3,8.312579
1513071661000,34.7656433279697,32.0722495959884,3,8.246778
1513071662000,34.7656715679509,32.0723178139434,3,7.951769
1513071663000,34.7657025267781,32.0723828075403,3,7.686386
1513071664000,34.7657237498379,32.0724421530743,3,6.961086
1513071665000,34.76574450635,32.0724916234701,3,5.853707
1513071666000,34.7657606321175,32.0725288225198,3,4.824759
1513071667000,34.7657733566949,32.0725549843164,3,4.062973
1513071668000,34.7657854961972,32.0725782229289,4,3.5759766
1513071669000,34.7657957296937,32.0726013850659,3,3.3469477
1513071670000,34.7658055298461,32.072629042283,3,3.480314
1513071671000,34.7658165207712,32.0726615117351,3,3.6252952
1513071672000,34.7658277996808,32.0726926652772,3,3.077996
1513071673000,34.765834442191,32.0727109832431,3,2.3144598
1513071674000,34.7658376722795,32.0727197912357,3,1.4461513
1513071675000,34.7658376722795,32.0727197912357,3,0
1513071676000,34.7658376722795,32.0727197912357,3,0
1513071677000,34.7658376722795,32.0727197912357,2,0
1513071678000,34.7658376722795,32.0727197912357,2,0
1513071679000,34.7658376722795,32.0727197912357,2,0
1513071680000,34.7658376722795,32.0727197912357,2,0
1513071681000,34.7658376722795,32.0727197912357,3,0
1513071682000,34.7658376722795,32.0727197912357,3,0
1513071683000,34.7658376722795,32.0727197912357,3,0
1513071684000,34.7658376722795,32.0727197912357,3,0
1513071685000,34.7658376722795,32.0727197912357,3,0
1513071686000,34.7658376722795,32.0727197912357,3,0
1513071687000,34.7658376722795,32.0727197912357,3,0
1513071688000,34.7658376722795,32.0727197912357,3,0
1513071689000,34.7658376722795,32.0727197912357,3,0
1513071690000,34.7658376722795,32.0727197912357,3,0
1513071691000,34.7658376722795,32.0727197912357,3,0
1513071692000,34.7658376722795,32.0727197912357,3,0
1513071693000,34.7658376722795,32.0727197912357,3,0
1513071694000,34.7658376722795,32.0727197912357,3,0
1513071695000,34.7658376722795,32.0727197912357,3,0
1513071696000,34.7658376722795,32.0727197912357,3,0
1513071697000,34.7658376722795,32.0727197912357,3,0
1513071698000,34.7658376722795,32.0727197912357,3,0
1513071699000,34.7658376722795,32.0727197912357,3,0
1513071700000,34.7658376722795,32.0727197912357,3,0
1513071701000,34.7658457042022,32.0727330296895,3,0.8109959
1513071702000,34.7658555620811,32.0727536705966,3,1.4374311
1513071703000,34.7658667472788,32.0727769410226,3,2.305767
1513071704000,34.7658799593368,32.0728116624972,3,3.400608
1513071705000,34.7658946063011,32.0728537538346,3,4.07547
1513071706000,34.7659106313666,32.0728968246579,3,4.4254684
1513071707000,34.765924673077,32.0729387498177,3,4.403611
1513071708000,34.7659390459446,32.0729785146926,3,4.323273
1513071709000,34.7659524601836,32.0730146759963,3,3.9899008
1513071710000,34.7659619841532,32.0730440514272,3,3.4494376
1513071711000,34.7659703943371,32.0730674967367,3,3.0101004
1513071712000,34.7659768143209,32.0730871789495,3,2.528661
1513071713000,34.7659819377239,32.073102286298,2,2.0671766
1513071714000,34.765986105675,32.0731138664062,2,1.6985978
1513071715000,34.7659900229072,32.0731218762875,2,1.1641542
1513071716000,34.7659918469144,32.0731247642856,2,0.778371
1513071717000,34.7659931284146,32.0731274485858,2,0.5983666
1513071718000,34.7659949856232,32.0731313943663,2,0.7342699
1513071719000,34.7659998928624,32.0731415141851,2,1.2891179
1513071720000,34.7660087557128,32.0731607430479,2,1.9670455
1513071721000,34.7660230429189,32.0731905635085,3,3.0724773
1513071722000,34.7660383049108,32.0732292255992,3,3.5352256
1513071723000,34.7660528223935,32.0732648861587,3,3.4426837
1513071724000,34.7660642145932,32.0732921827489,3,2.9845395
1513071725000,34.7660737302379,32.073313092099,3,2.5610647
1513071726000,34.7660816167252,32.0733325794355,2,2.3043044
1513071727000,34.7660887947247,32.0733510354725,2,2.0964696
1513071728000,34.7660957359474,32.0733687736202,2,1.9600542
1513071729000,34.7661009635728,32.0733828284607,2,1.9326706
1513071730000,34.7661074774563,32.073400714767,2,2.228374
1513071731000,34.7661159749473,32.0734285304084,2,2.8019285
1513071732000,34.7661268077241,32.0734633734945,2,3.645824
1513071733000,34.7661394718695,32.0735030851748,2,4.1507564
1513071734000,34.7661551457526,32.073543580426,3,4.6312327
1513071735000,34.7661722847221,32.0735873706685,3,5.065977
1513071736000,34.7661901205725,32.0736372783334,3,5.6373825
1513071737000,34.7662087949053,32.0736938094822,3,6.325789
1513071738000,34.7662274673566,32.0737566234801,3,6.842949
1513071739000,34.7662448913852,32.073816767125,6,6.571142
1513071740000,34.7662627125151,32.073864433352,6,5.1934834
1513071741000,34.7662709081189,32.0738843468103,6,3.650533
1513071742000,34.7662744722843,32.0738950920131,6,2.59289
1513071743000,34.7662787930639,32.0739066784787,3,2.045669
1513071744000,34.7662840711489,32.0739196834479,4,1.83582
1513071745000,34.7662870928254,32.0739331606043,4,1.4271153
1513071746000,34.7662870928254,32.0739331606043,4,0
1513071747000,34.7662870928254,32.0739331606043,3,0
1513071748000,34.7662870928254,32.0739331606043,4,0
1513071749000,34.7662870928254,32.0739331606043,4,0
1513071750000,34.7662870928254,32.0739331606043,6,0
1513071751000,34.7662870928254,32.0739331606043,4,0
1513071752000,34.7662870928254,32.0739331606043,4,0
1513071753000,34.7662870928254,32.0739331606043,4,0
1513071754000,34.7662870928254,32.0739331606043,3,0
1513071755000,34.7662870928254,32.0739331606043,3,0
1513071756000,34.7662870928254,32.0739331606043,4,0
1513071757000,34.7662870928254,32.0739331606043,4,0.25722024
1513071758000,34.7662941643472,32.0739677143498,6,0.94742614
1513071759000,34.7662950302917,32.0739838446494,6,1.6412202
1513071760000,34.7663009404951,32.0740051499871,6,1.90391
1513071761000,34.7663044335271,32.0740175397506,6,2.2577436
1513071762000,34.7663157406489,32.0740394329266,6,2.5379817
1513071763000,34.7663316456494,32.0740688674298,6,2.519501
1513071764000,34.766355478772,32.0741139762015,6,2.4930077
1513071765000,34.7663630989034,32.0741336393029,6,2.077527
1513071766000,34.7663649785158,32.074150282408,6,1.6279624
1513071767000,34.7663657821035,32.0741607281481,6,1.3616618
1513071768000,34.7663672999863,32.0741715259749,6,1.5203246
1513071769000,34.7663715825479,32.0741890729669,6,1.5051068
1513071770000,34.7663768387474,32.0742003242909,6,1.3542911
1513071771000,34.7663805324942,32.074206269859,6,1.1909072
1513071772000,34.7663825698903,32.0742126817003,6,0.8386542
1513071773000,34.7663825698903,32.0742126817003,6,0
1513071774000,34.7663825698903,32.0742126817003,6,0
1513071775000,34.7663825698903,32.0742126817003,6,0
1513071776000,34.7663825698903,32.0742126817003,6,0
1513071777000,34.7663825698903,32.0742126817003,6,0
1513071778000,34.7663849046686,32.0742200983921,6,0.41597524
1513071779000,34.7663885831314,32.0742334760462,6,0.8584447
1513071780000,34.7663911184178,32.0742507307016,6,1.2930374
1513071781000,34.7663931244339,32.0742689862268,6,1.4169981
1513071782000,34.7663948958629,32.0742849156258,4,1.380707
1513071783000,34.7663961948829,32.0742984001859,4,1.3572676
1513071784000,34.7663976117492,32.074311337804,4,1.2368325
1513071785000,34.7663994872323,32.0743212304899,6,0.905536
1513071786000,34.7663994872323,32.0743212304899,6,0
1513071787000,34.7663994872323,32.0743212304899,6,0
1513071788000,34.7663994872323,32.0743212304899,6,0
1513071789000,34.7663994872323,32.0743212304899,8,0
1513071790000,34.7663994872323,32.0743212304899,6,0
1513071791000,34.7663994872323,32.0743212304899,4,0
1513071792000,34.7663994872323,32.0743212304899,4,0
1513071793000,34.7663994872323,32.0743212304899,4,0
1513071794000,34.7663994872323,32.0743212304899,4,0
1513071795000,34.7663994872323,32.0743212304899,8,0
1513071796000,34.7663994872323,32.0743212304899,8,0
1513071797000,34.7663994872323,32.0743212304899,8,0
1513071798000,34.7663994872323,32.0743212304899,8,0
1513071799000,34.7663980661675,32.0743248156424,8,0.39308998
1513071800000,34.7664009857033,32.0743427071626,8,0.60779315
1513071801000,34.7664021125806,32.0743599903075,8,0.8998327
1513071802000,34.7664048643382,32.0743782123027,8,1.2836742
1513071803000,34.7664143740863,32.0744078512518,6,1.6534812
1513071804000,34.7664165846197,32.0744336248963,8,1.914484
1513071805000,34.7664139812443,32.0744583905442,8,2.091733
1513071806000,34.7664158183318,32.074486456769,8,2.13205
1513071807000,34.7664151760952,32.0745235558596,8,2.139537
1513071808000,34.766411082285,32.0745411142381,8,2.0056708
1513071809000,34.7664156445657,32.0745609191436,8,1.5817008
1513071810000,34.7664190794348,32.0745795654441,8,1.0818402
1513071811000,34.7664190794348,32.0745795654441,8,0
1513071812000,34.7664190794348,32.0745795654441,12,0
1513071813000,34.7664190794348,32.0745795654441,12,0
1513071814000,34.7664190794348,32.0745795654441,12,0
1513071815000,34.7664190794348,32.0745795654441,12,0.16506545
1513071816000,34.7664115252678,32.0746322866197,12,0.32339436
1513071817000,34.7664099591291,32.07464637804,6,0.4574163
1513071818000,34.7664102912192,32.0746591387032,8,0.76184493
1513071819000,34.7664164760168,32.0746829324287,8,0.86439914
1513071820000,34.7664181065203,32.0746917722007,8,0.9109331
1513071821000,34.7664218027905,32.0747056936356,8,1.100855
1513071822000,34.7664256430769,32.0747215321079,6,1.1075575
1513071823000,34.7664256933478,32.0747342966182,6,1.0430323
1513071824000,34.7664258174894,32.0747455342169,6,0.7467708
1513071825000,34.7664257990129,32.0747498274858,6,0.66503644
1513071826000,34.7664245350252,32.0747555121161,6,0.7768637
1513071827000,34.7664224306249,32.0747641738145,6,0.9687775
1513071828000,34.7664197409873,32.0747735800674,6,1.1661234
1513071829000,34.7664181766111,32.074789599462,6,1.4135903
1513071830000,34.7664204440529,32.074815453279,6,1.7395662
1513071831000,34.7664257827911,32.074848209158,6,2.2751071
1513071832000,34.7664358713934,32.074890510198,6,2.8688345
1513071833000,34.7664430812521,32.0749333420728,6,3.080099
1513071834000,34.7664524881426,32.0749760209276,8,3.5012062
1513071835000,34.76646433874,32.0750173190468,8,3.226893
1513071836000,34.7664775328704,32.0750559512592,6,3.0673556
1513071837000,34.7664896060276,32.0750964980149,8,3.1395395
1513071838000,34.7665012802759,32.0751419146272,8,3.5109572
1513071839000,34.7665178857931,32.0751945121927,6,4.005176
1513071840000,34.7665302149287,32.0752521607292,6,4.0566955
1513071841000,34.7665450307506,32.0753011407031,6,3.4354613
1513071842000,34.7665523438131,32.0753353224267,4,2.4183393
1513071843000,34.7665523438131,32.0753353224267,4,0
1513071844000,34.7665523438131,32.0753353224267,4,0
1513071845000,34.7665523438131,32.0753353224267,4,0
1513071846000,34.7665648880831,32.0753846967966,4,0.7496786
1513071847000,34.7665706059383,32.0754062624066,4,1.2583416
1513071848000,34.7665783307072,32.0754303562579,4,1.7102742
1513071849000,34.7665879305804,32.0754564230645,4,2.3921397
1513071850000,34.7665992465131,32.0754799153261,3,2.667893
1513071851000,34.7666069348533,32.0755018898927,4,2.8529935
1513071852000,34.7666160558951,32.0755312163271,4,3.3132348
1513071853000,34.7666280051655,32.0755677688558,4,3.9959688
1513071854000,34.7666453483622,32.0756032753858,4,3.9350512
1513071855000,34.7666520148573,32.0756351821525,4,3.8602312
1513071856000,34.7666579148592,32.0756700431877,4,3.8071346
1513071857000,34.7666633653401,32.0757059197813,3,3.8058133
1513071858000,34.7666688054431,32.0757456542143,3,3.9499912
1513071859000,34.7666764739465,32.0757907951158,3,4.173212
1513071860000,34.7666889955757,32.0758390902169,3,4.402537
1513071861000,34.7667080542101,32.0758870762722,4,4.440901
1513071862000,34.7667197971566,32.0759283320237,4,4.1616035
1513071863000,34.7667287826837,32.0759619454275,3,3.5470243
1513071864000,34.7667333985675,32.0759857138725,3,2.848692
1513071865000,34.7667389214253,32.0760025963299,3,2.3153908
1513071866000,34.7667448587231,32.0760190778467,3,2.1651335
1513071867000,34.7667524400371,32.0760413281185,3,2.3837895
1513071868000,34.7667633058613,32.0760730486081,3,2.850806
1513071869000,34.7667759703382,32.0761084274536,3,3.3718114
1513071870000,34.7667909159721,32.0761476528337,3,3.587126
1513071871000,34.7668110945442,32.0761888224927,3,3.541985
1513071872000,34.7668278438379,32.0762210343339,3,3.0801992
1513071873000,34.7668346107561,32.0762431868348,3,2.1837099
1513071874000,34.7668346107561,32.0762431868348,3,0
1513071875000,34.7668346107561,32.0762431868348,3,0
1513071876000,34.7668346107561,32.0762431868348,3,0
1513071877000,34.7668346107561,32.0762431868348,3,0
1513071878000,34.7668346107561,32.0762431868348,3,0.22367565
1513071879000,34.7668445372524,32.0762714401062,3,0.91315913
1513071880000,34.7668555795244,32.0763007053391,3,2.1073804
1513071881000,34.7668684470963,32.0763323199775,3,3.1870487
1513071882000,34.7668840737616,32.0763685297208,3,3.7601852
1513071883000,34.7668991166685,32.076407561652,3,4.1476626
1513071884000,34.7669155703935,32.0764496816429,3,4.4926996
1513071885000,34.7669332751515,32.0764932936706,3,4.626813
1513071886000,34.7669485223936,32.0765313544071,3,4.063775
1513071887000,34.7669577121831,32.0765555506565,3,2.994029
1513071888000,34.766960703359,32.0765645969872,3,1.8845737
1513071889000,34.766960703359,32.0765645969872,3,0
1513071890000,34.766960703359,32.0765645969872,3,0
1513071891000,34.766960703359,32.0765645969872,4,0
1513071892000,34.766960703359,32.0765645969872,4,0
1513071893000,34.766960703359,32.0765645969872,4,0
1513071894000,34.766960703359,32.0765645969872,3,0
1513071895000,34.766960703359,32.0765645969872,6,0
1513071896000,34.766960703359,32.0765645969872,6,0
1513071897000,34.766960703359,32.0765645969872,6,0
1513071898000,34.7669618608245,32.076569657196,3,0.5727507
1513071899000,34.7669672934623,32.0765850097347,4,0.9116489
1513071900000,34.7669726719684,32.0766040581207,4,1.1937671
1513071901000,34.7669783486604,32.076629364464,4,1.661922
1513071902000,34.7669837597538,32.0766640475974,3,2.075809
1513071903000,34.7669914938879,32.0767019755276,3,2.9553862
1513071904000,34.7670035884167,32.0767413198564,3,3.3662536
1513071905000,34.7670187503609,32.0767752006732,4,3.254532
1513071906000,34.7670301672423,32.0768010844844,4,2.7745855
1513071907000,34.767038871629,32.0768203784785,4,2.0618527
1513071908000,34.7670442499289,32.0768317479876,4,1.6232345
1513071909000,34.767049388696,32.0768453489597,4,1.3592358
1513071910000,34.7670524788971,32.0768546625077,4,1.562328
1513071911000,34.7670574638841,32.0768751413331,4,2.1573575
1513071912000,34.767064472171,32.0769028325519,4,2.6988816
1513071913000,34.7670738645931,32.0769313103767,4,2.9074764
1513071914000,34.7670835417234,32.0769577340039,4,2.748683
1513071915000,34.7670926285563,32.0769791285285,4,2.5236835
1513071916000,34.767099667528,32.0769979044739,4,2.2203565
1513071917000,34.7671062441941,32.0770103175159,4,2.2808008
1513071918000,34.7671092016373,32.0770271228563,4,2.4525266
1513071919000,34.7671108417875,32.0770437521267,3,2.580542
1513071920000,34.7671134139211,32.0770689331319,3,2.7543445
1513071921000,34.7671156211971,32.0771046231505,4,2.940896
1513071922000,34.767118864076,32.0771471736404,4,3.2716255
1513071923000,34.7671256464554,32.0772008967652,4,3.809649
1513071924000,34.7671407043164,32.0772619604986,4,5.046404
1513071925000,34.7671634534326,32.0773280665231,6,5.8721514
1513071926000,34.7671819085589,32.0773963296028,4,6.4425173
1513071927000,34.7671998564828,32.0774654040415,4,6.7199154
1513071928000,34.7672186610852,32.0775353035126,4,7.2251763
1513071929000,34.7672410349088,32.0776100321864,4,7.875673
1513071930000,34.7672674984567,32.0776930195692,4,8.5141945
1513071931000,34.7672957490626,32.0777789996886,4,8.736336
1513071932000,34.76732563648,32.0778603407065,4,8.667234
1513071933000,34.767354447257,32.0779352214151,3,8.587069
1513071934000,34.7673850146318,32.0780116483,3,8.709357
1513071935000,34.767418191979,32.0780878656888,3,8.821596
1513071936000,34.7674520784831,32.0781672571426,3,8.946119
1513071937000,34.7674851839823,32.0782461195367,3,8.800953
1513071938000,34.7675158500382,32.0783221555767,3,8.613361
1513071939000,34.7675445463746,32.0783952372837,3,8.491925
1513071940000,34.7675732217288,32.0784677996605,3,8.300449
1513071941000,34.7676008277988,32.0785359334094,3,8.076117
1513071942000,34.7676262896701,32.0786009512561,3,7.912734
1513071943000,34.7676517194386,32.0786655621025,3,7.6312017
1513071944000,34.7676789849347,32.0787289731001,3,7.418116
1513071945000,34.7677082035838,32.0787946323808,3,7.190743
1513071946000,34.7677352092938,32.0788509653696,3,7.085836
1513071947000,34.7677644000622,32.0789068112655,3,6.9854236
1513071948000,34.7677820789841,32.0789586430625,3,6.7844577
1513071949000,34.767797976778,32.0790127112239,4,6.503466
1513071950000,34.7678153440714,32.0790664803423,3,6.197999
1513071951000,34.7678394159896,32.0791180693553,3,5.93469
1513071952000,34.767863723007,32.0791664088004,3,5.666965
1513071953000,34.7678842834985,32.0792100621827,3,5.169237
1513071954000,34.7679023616482,32.0792510180596,3,4.9925222
1513071955000,34.7679186337805,32.0792959914497,3,5.167884
1513071956000,34.7679326374577,32.0793479334473,3,5.3429346
1513071957000,34.7679449698596,32.0794029690588,3,6.0253057
1513071958000,34.7679604257549,32.0794680837714,3,6.5064282
1513071959000,34.7679740196131,32.0795325616397,3,6.694548
1513071960000,34.7679897266811,32.0795982281197,3,6.875669
1513071961000,34.7680040213116,32.0796616282646,3,7.0483828
1513071962000,34.7680178444138,32.0797272666002,3,6.9963293
1513071963000,34.7680326073823,32.0797923347722,3,6.985204
1513071964000,34.7680513834923,32.0798619491987,3,7.5535445
1513071965000,34.7680749805769,32.0799386104206,3,8.094696
1513071966000,34.7680960550323,32.0800183819669,3,8.494803
1513071967000,34.7681201939337,32.0800986769373,3,8.582946
1513071968000,34.7681447686763,32.0801734554322,4,8.542281
1513071969000,34.7681750759066,32.0802493019791,4,8.955643
1513071970000,34.7682081155955,32.0803325321349,12,9.261322
1513071971000,34.7682415787977,32.0804158323454,6,9.165011
1513071972000,34.7682757017829,32.0804922970992,6,8.720746
1513071973000,34.7683025841627,32.0805648844483,6,8.224138
1513071974000,34.7683346313917,32.0806382251562,6,7.707298
1513071975000,34.7683619645179,32.0807041863807,4,7.458202
1513071976000,34.7683762432491,32.0807717911512,4,7.621167
1513071977000,34.7683650604266,32.0808361985355,6,7.8992424
1513071978000,34.7683495778943,32.0809050886265,6,8.185849
1513071979000,34.7683485006312,32.0809829821171,6,8.782047
1513071980000,34.7683368418845,32.0810665338705,4,9.0497055
1513071981000,34.768325094692,32.0811482205937,4,8.960517
1513071982000,34.7683211703469,32.0812271032052,8,8.838017
1513071983000,34.7683156443911,32.0813046822713,8,8.91049
1513071984000,34.7683044990507,32.0813867896652,8,8.970618
1513071985000,34.7683085494399,32.0814691529178,8,8.89865
1513071986000,34.7683312624054,32.0815467393487,6,8.933722
1513071987000,34.7683538168711,32.0816283442568,6,9.390356
1513071988000,34.7683791116235,32.0817208229424,6,9.805048
1513071989000,34.7684005271975,32.081813049984,6,9.927583
1513071990000,34.7684234724752,32.0819038080207,6,9.773189
1513071991000,34.7684475308437,32.0819881141505,6,9.47421
1513071992000,34.7684672374961,32.0820634801845,6,8.707874
1513071993000,34.7684889708275,32.0821258908039,6,7.6434402
1513071994000,34.7685091236821,32.0821742510467,6,6.392504
1513071995000,34.7685254225814,32.0822101610369,6,5.1299095
1513071996000,34.7685364063019,32.0822373367404,6,4.160452
1513071997000,34.7685471279335,32.0822593342805,6,3.5059662
1513071998000,34.7685571687532,32.0822798884139,6,3.0362775
1513071999000,34.7685622667249,32.0822981898219,6,2.613607
1513072000000,34.7685666274319,32.0823136445769,6,2.408491
1513072001000,34.768572530849,32.0823326937564,6,2.3377683
1513072002000,34.7685804032107,32.0823525269742,6,2.472615
1513072003000,34.7685887447673,32.0823737254515,6,2.13742
1513072004000,34.7685943195354,32.082386900981,6,1.6394024
1513072005000,34.7685977635633,32.0823920740625,6,1.3750777
1513072006000,34.7685977635633,32.0823920740625,6,0
1513072007000,34.7685977635633,32.0823920740625,6,0
1513072008000,34.7685977635633,32.0823920740625,6,0
1513072009000,34.7685977635633,32.0823920740625,6,0
1513072010000,34.7685977635633,32.0823920740625,4,0
1513072011000,34.7686291354987,32.0824350936542,4,0
1513072012000,34.7686291354987,32.0824350936542,4,0
1513072013000,34.7686449304519,32.0824528468143,4,1.5914811
1513072014000,34.7686667650056,32.0824851253473,6,3.3144593
1513072015000,34.7686959428725,32.0825306314909,4,4.783327
1513072016000,34.7687303919895,32.0825815838033,4,5.557859
1513072017000,34.7687709954496,32.0826313789776,6,6.184327
1513072018000,34.7688058278505,32.0826883087278,4,6.7010994
1513072019000,34.7688390447608,32.0827458484883,4,6.9776425
1513072020000,34.7688797015904,32.082799129626,4,7.0042686
1513072021000,34.7689160065954,32.0828527503061,4,7.1587257
1513072022000,34.7689521944379,32.0829108389956,4,7.5095816
1513072023000,34.7689895875887,32.0829736609108,4,8.035501
1513072024000,34.7690261788462,32.0830449150745,4,8.509929
1513072025000,34.7690644904609,32.0831198101757,4,8.7648
1513072026000,34.769100307055,32.0831986965088,6,9.229848
1513072027000,34.769133635136,32.083283368069,6,9.641084
1513072028000,34.7691603035974,32.0833718198454,6,9.992913
1513072029000,34.7691860303388,32.0834600779265,6,9.901891
1513072030000,34.7692158770777,32.0835416055971,4,9.651175
1513072031000,34.7692431653354,32.0836175224033,4,9.09307
1513072032000,34.7692712323943,32.083685810087,6,8.464189
1513072033000,34.7692954761158,32.0837486584439,6,7.8680115
1513072034000,34.7693363854903,32.0837991294331,6,7.1825933
1513072035000,34.7693643491414,32.0838486600418,6,6.498005
1513072036000,34.7693805649348,32.0838951075766,4,5.5440025
1513072037000,34.7693911798895,32.0839306497203,4,4.5529633
1513072038000,34.7693966961506,32.083960135902,4,3.8867924
1513072039000,34.7694000160869,32.0839876090951,4,3.4799986
1513072040000,34.7694073692006,32.0840138258778,4,3.2772248
1513072041000,34.7694185278826,32.0840425443794,4,3.4365013
1513072042000,34.7694283990679,32.0840772089536,4,4.0103893
1513072043000,34.7694368771175,32.0841225312688,4,5.2356315
1513072044000,34.7694576147232,32.0841784361137,4,6.400605
1513072045000,34.7694839286236,32.0842482192674,4,8.006833
1513072046000,34.7695127908813,32.084333425579,4,9.583059
1513072047000,34.7695528110608,32.0844325354767,4,11.113069
1513072048000,34.7695895636458,32.0845459104123,4,12.411977
1513072049000,34.7696284159834,32.0846706007356,6,13.56371
1513072050000,34.7696729948967,32.0847980870912,6,14.148339
1513072051000,34.7697122625541,32.0849291156011,6,14.285085
1513072052000,34.7697395055914,32.085059203838,6,14.41232
1513072053000,34.7697565097612,32.0851846573111,8,14.004889
1513072054000,34.7697562074149,32.085300516224,6,13.379748
1513072055000,34.7697603035404,32.085402679404,12,12.193338
1513072056000,34.7697707857492,32.0854978414272,16,11.529325
1513072057000,34.769786798524,32.0855948429382,16,11.334684
1513072058000,34.7698386220755,32.0856879463082,12,11.197187
1513072061000,34.769909105515,32.0859975989339,24,11.434324
1513072062000,34.7699448659771,32.0861585385609,8,11.846025
1513072063000,34.7700019402591,32.0863013288877,8,12.24256
1513072064000,34.7700616213353,32.0864270917442,8,11.698835
1513072065000,34.770126311079,32.0865319493923,8,11.16498
1513072066000,34.7701900965129,32.0866246199272,6,11.128073
1513072067000,34.7702552348816,32.0867151688271,6,11.13244
1513072068000,34.7703170408341,32.0868079732843,6,11.163642
1513072069000,34.770384530334,32.0868944908797,8,11.337925
1513072070000,34.7704527846505,32.0869816083371,4,11.533505
1513072071000,34.7705184626864,32.0870698922764,4,11.219328
1513072072000,34.7705800129515,32.0871511179037,4,10.485609
1513072073000,34.770639361491,32.0872244824343,4,9.7734585
1513072074000,34.7706914549808,32.0872910752298,4,8.755951
1513072075000,34.770733245372,32.087344167303,4,7.160851
1513072076000,34.7707586855314,32.0873790221828,4,5.1725645
1513072077000,34.7707688357945,32.0873944556433,4,3.2263253
1513072078000,34.7707688357945,32.0873944556433,4,0
1513072079000,34.7707688357945,32.0873944556433,4,0
1513072080000,34.7707688357945,32.0873944556433,4,0
1513072081000,34.7707688357945,32.0873944556433,4,0
1513072082000,34.7707688357945,32.0873944556433,4,0
1513072083000,34.7707688357945,32.0873944556433,4,0
